T,lambda_,eta_mu,xi,p,forget_acc,test_acc,verification_err
1,0.001,0.001,0.001,0.01,93.0,94.81052631578947,tensor(18.0990)
1,0.001,0.001,0.01,0.001,93.0,94.81052631578947,tensor(18.0990)
1,0.001,0.001,0.01,0.01,93.0,94.81052631578947,tensor(18.0990)
1,0.001,0.001,0.1,0.001,93.0,94.81052631578947,tensor(18.0990)
1,0.001,0.001,0.1,0.01,93.0,94.81052631578947,tensor(18.0990)
1,0.001,0.01,0.001,0.001,93.0,94.81052631578947,tensor(18.0990)
1,0.001,0.01,0.001,0.01,93.0,94.81052631578947,tensor(18.0990)
1,0.001,0.01,0.01,0.001,93.0,94.81052631578947,tensor(18.0990)
1,0.001,0.01,0.01,0.01,93.0,94.81052631578947,tensor(18.0990)
1,0.001,0.01,0.1,0.001,93.0,94.81052631578947,tensor(18.0990)
1,0.001,0.01,0.1,0.01,93.0,94.81052631578947,tensor(18.0990)
1,0.001,0.1,0.001,0.001,93.0,94.81052631578947,tensor(18.0990)
1,0.001,0.1,0.001,0.01,93.0,94.81052631578947,tensor(18.0990)
1,0.001,0.1,0.01,0.001,93.0,94.81052631578947,tensor(18.0990)
1,0.001,0.1,0.01,0.01,93.0,94.81052631578947,tensor(18.0990)
1,0.001,0.1,0.1,0.001,79.0,83.30526315789474,tensor(17.9480)
1,0.001,0.1,0.1,0.01,79.0,83.30526315789474,tensor(17.9480)
1,0.01,0.001,0.001,0.001,93.0,94.81052631578947,tensor(18.0990)
1,0.01,0.001,0.001,0.01,93.0,94.81052631578947,tensor(18.0990)
1,0.01,0.001,0.01,0.001,93.0,94.81052631578947,tensor(18.0990)
1,0.01,0.001,0.01,0.01,93.0,94.81052631578947,tensor(18.0990)
1,0.01,0.001,0.1,0.001,93.0,94.81052631578947,tensor(18.0990)
1,0.01,0.001,0.1,0.01,93.0,94.81052631578947,tensor(18.0990)
1,0.01,0.01,0.001,0.001,93.0,94.81052631578947,tensor(18.0990)
1,0.01,0.01,0.001,0.01,93.0,94.81052631578947,tensor(18.0990)
1,0.01,0.01,0.01,0.001,93.0,94.81052631578947,tensor(18.0990)
1,0.01,0.01,0.01,0.01,93.0,94.81052631578947,tensor(18.0990)
1,0.01,0.01,0.1,0.001,93.0,94.81052631578947,tensor(18.0990)
1,0.01,0.01,0.1,0.01,93.0,94.81052631578947,tensor(18.0990)
1,0.01,0.1,0.001,0.001,29.0,21.389473684210525,tensor(434.4328)
1,0.01,0.1,0.001,0.01,29.0,21.389473684210525,tensor(434.4328)
1,0.01,0.1,0.01,0.001,17.0,11.357894736842105,tensor(1149.1436)
1,0.01,0.1,0.01,0.01,17.0,11.357894736842105,tensor(1149.1436)
1,0.01,0.1,0.1,0.001,93.0,94.81052631578947,tensor(18.0990)
1,0.01,0.1,0.1,0.01,93.0,94.81052631578947,tensor(18.0990)
1,0.1,0.001,0.001,0.001,93.0,94.81052631578947,tensor(18.0990)
1,0.1,0.001,0.001,0.01,93.0,94.81052631578947,tensor(18.0990)
1,0.1,0.001,0.01,0.001,93.0,94.81052631578947,tensor(18.0990)
1,0.1,0.001,0.01,0.01,93.0,94.81052631578947,tensor(18.0990)
1,0.1,0.001,0.1,0.001,93.0,94.81052631578947,tensor(18.0990)
1,0.1,0.001,0.1,0.01,93.0,94.81052631578947,tensor(18.0990)
1,0.1,0.01,0.001,0.001,93.0,94.81052631578947,tensor(18.0990)
1,0.1,0.01,0.001,0.01,93.0,94.81052631578947,tensor(18.0990)
1,0.1,0.01,0.01,0.001,93.0,94.81052631578947,tensor(18.0990)
1,0.1,0.01,0.01,0.01,93.0,94.81052631578947,tensor(18.0990)
1,0.1,0.01,0.1,0.001,61.0,52.65263157894737,tensor(21.7557)
1,0.1,0.01,0.1,0.01,61.0,52.65263157894737,tensor(21.7557)
1,0.1,0.1,0.001,0.001,31.0,22.57894736842105,tensor(1610.4708)
1,0.1,0.1,0.001,0.01,31.0,22.57894736842105,tensor(1610.4708)
1,0.1,0.1,0.01,0.001,12.0,10.105263157894736,tensor(24.5188)
1,0.1,0.1,0.01,0.01,12.0,10.105263157894736,tensor(24.5188)
1,0.1,0.1,0.1,0.001,26.0,17.789473684210527,tensor(18.6988)
1,0.1,0.1,0.1,0.01,26.0,17.789473684210527,tensor(18.6988)
1,1.0,0.001,0.001,0.001,93.0,94.81052631578947,tensor(18.0990)
1,1.0,0.001,0.001,0.01,93.0,94.81052631578947,tensor(18.0990)
1,1.0,0.001,0.01,0.001,93.0,94.81052631578947,tensor(18.0990)
1,1.0,0.001,0.01,0.01,93.0,94.81052631578947,tensor(18.0990)
1,1.0,0.001,0.1,0.001,93.0,94.81052631578947,tensor(18.0990)
1,1.0,0.001,0.1,0.01,93.0,94.81052631578947,tensor(18.0990)
1,1.0,0.01,0.001,0.001,93.0,94.81052631578947,tensor(18.0990)
1,1.0,0.01,0.001,0.01,93.0,94.81052631578947,tensor(18.0990)
1,1.0,0.01,0.01,0.001,93.0,94.81052631578947,tensor(18.0990)
1,1.0,0.01,0.01,0.01,93.0,94.81052631578947,tensor(18.0990)
1,1.0,0.01,0.1,0.001,93.0,94.81052631578947,tensor(18.0990)
1,1.0,0.01,0.1,0.01,93.0,94.81052631578947,tensor(18.0990)
1,1.0,0.1,0.001,0.001,33.0,24.2,tensor(3485.8831)
1,1.0,0.1,0.001,0.01,33.0,24.2,tensor(3485.8831)
1,1.0,0.1,0.01,0.001,29.0,20.936842105263157,tensor(949.9787)
1,1.0,0.1,0.01,0.01,29.0,20.936842105263157,tensor(949.9787)
1,1.0,0.1,0.1,0.001,33.0,22.96842105263158,tensor(699.6690)
1,1.0,0.1,0.1,0.01,33.0,22.96842105263158,tensor(699.6690)
1,10.0,0.001,0.001,0.001,93.0,94.81052631578947,tensor(18.0990)
1,10.0,0.001,0.001,0.01,93.0,94.81052631578947,tensor(18.0990)
1,10.0,0.001,0.01,0.001,93.0,94.81052631578947,tensor(18.0990)
1,10.0,0.001,0.01,0.01,93.0,94.81052631578947,tensor(18.0990)
1,10.0,0.001,0.1,0.001,93.0,94.81052631578947,tensor(18.0990)
1,10.0,0.001,0.1,0.01,93.0,94.81052631578947,tensor(18.0990)
1,10.0,0.01,0.001,0.001,93.0,94.81052631578947,tensor(18.0990)
1,10.0,0.01,0.001,0.01,93.0,94.81052631578947,tensor(18.0990)
1,10.0,0.01,0.01,0.001,93.0,94.81052631578947,tensor(18.0990)
1,10.0,0.01,0.01,0.01,93.0,94.81052631578947,tensor(18.0990)
1,10.0,0.01,0.1,0.001,93.0,94.81052631578947,tensor(18.0990)
1,10.0,0.01,0.1,0.01,93.0,94.81052631578947,tensor(18.0990)
1,10.0,0.1,0.001,0.001,8.0,10.326315789473684,tensor(2133.3149)
1,10.0,0.1,0.001,0.01,8.0,10.326315789473684,tensor(2133.3149)
1,10.0,0.1,0.01,0.001,29.0,20.53684210526316,tensor(1429.2042)
1,10.0,0.1,0.01,0.01,29.0,20.53684210526316,tensor(1429.2042)
1,10.0,0.1,0.1,0.001,31.0,24.978947368421053,tensor(1374.6970)
1,10.0,0.1,0.1,0.01,31.0,24.978947368421053,tensor(1374.6970)
1,100.0,0.001,0.001,0.001,93.0,94.81052631578947,tensor(18.0990)
1,100.0,0.001,0.001,0.01,93.0,94.81052631578947,tensor(18.0990)
1,100.0,0.001,0.01,0.001,93.0,94.81052631578947,tensor(18.0990)
1,100.0,0.001,0.01,0.01,93.0,94.81052631578947,tensor(18.0990)
1,100.0,0.001,0.1,0.001,93.0,94.81052631578947,tensor(18.0990)
1,100.0,0.001,0.1,0.01,93.0,94.81052631578947,tensor(18.0990)
1,100.0,0.01,0.001,0.001,93.0,94.81052631578947,tensor(18.0990)
1,100.0,0.01,0.001,0.01,93.0,94.81052631578947,tensor(18.0990)
1,100.0,0.01,0.01,0.001,93.0,94.81052631578947,tensor(18.0990)
1,100.0,0.01,0.01,0.01,93.0,94.81052631578947,tensor(18.0990)
1,100.0,0.01,0.1,0.001,93.0,94.81052631578947,tensor(18.0990)
1,100.0,0.01,0.1,0.01,93.0,94.81052631578947,tensor(18.0990)
1,100.0,0.1,0.001,0.001,3.0,4.505263157894737,tensor(898711.)
1,100.0,0.1,0.001,0.01,3.0,4.505263157894737,tensor(898711.)
1,100.0,0.1,0.01,0.001,7.0,7.5473684210526315,tensor(33820.7031)
1,100.0,0.1,0.01,0.01,7.0,7.5473684210526315,tensor(33820.7031)
1,100.0,0.1,0.1,0.001,12.0,10.105263157894736,tensor(164.2040)
1,100.0,0.1,0.1,0.01,12.0,10.105263157894736,tensor(164.2040)
2,0.001,0.001,0.001,0.001,93.0,94.81052631578947,tensor(18.0990)
2,0.001,0.001,0.001,0.01,93.0,94.81052631578947,tensor(18.0990)
2,0.001,0.001,0.01,0.001,93.0,94.81052631578947,tensor(18.0990)
2,0.001,0.001,0.01,0.01,93.0,94.81052631578947,tensor(18.0990)
2,0.001,0.001,0.1,0.001,93.0,94.81052631578947,tensor(18.0990)
2,0.001,0.001,0.1,0.01,93.0,94.81052631578947,tensor(18.0990)
2,0.001,0.01,0.001,0.001,93.0,94.81052631578947,tensor(18.0990)
2,0.001,0.01,0.001,0.01,93.0,94.81052631578947,tensor(18.0990)
2,0.001,0.01,0.01,0.001,93.0,94.81052631578947,tensor(18.0990)
2,0.001,0.01,0.01,0.01,93.0,94.81052631578947,tensor(18.0990)
2,0.001,0.01,0.1,0.001,93.0,94.6,tensor(18.0593)
2,0.001,0.01,0.1,0.01,93.0,94.6,tensor(18.0593)
2,0.001,0.1,0.001,0.001,93.0,94.81052631578947,tensor(18.0990)
2,0.001,0.1,0.001,0.01,93.0,94.81052631578947,tensor(18.0990)
2,0.001,0.1,0.01,0.001,93.0,94.81052631578947,tensor(18.0990)
2,0.001,0.1,0.01,0.01,93.0,94.81052631578947,tensor(18.0990)
2,0.001,0.1,0.1,0.001,76.0,82.76842105263158,tensor(17.9272)
2,0.001,0.1,0.1,0.01,76.0,82.76842105263158,tensor(17.9272)
2,0.01,0.001,0.001,0.001,93.0,94.81052631578947,tensor(18.0990)
2,0.01,0.001,0.001,0.01,93.0,94.81052631578947,tensor(18.0990)
2,0.01,0.001,0.01,0.001,93.0,94.81052631578947,tensor(18.0990)
2,0.01,0.001,0.01,0.01,93.0,94.81052631578947,tensor(18.0990)
2,0.01,0.001,0.1,0.001,93.0,94.81052631578947,tensor(18.0990)
2,0.01,0.001,0.1,0.01,93.0,94.81052631578947,tensor(18.0990)
2,0.01,0.01,0.001,0.001,93.0,94.81052631578947,tensor(18.0990)
2,0.01,0.01,0.001,0.01,93.0,94.81052631578947,tensor(18.0990)
2,0.01,0.01,0.01,0.001,93.0,94.81052631578947,tensor(18.0990)
2,0.01,0.01,0.01,0.01,93.0,94.81052631578947,tensor(18.0990)
2,0.01,0.01,0.1,0.001,93.0,94.81052631578947,tensor(18.0990)
2,0.01,0.01,0.1,0.01,93.0,94.81052631578947,tensor(18.0990)
2,0.01,0.1,0.001,0.001,19.0,14.968421052631578,tensor(62.2510)
2,0.01,0.1,0.001,0.01,19.0,14.968421052631578,tensor(62.2510)
2,0.01,0.1,0.01,0.001,58.0,51.71578947368421,tensor(183.9122)
2,0.01,0.1,0.01,0.01,58.0,51.71578947368421,tensor(183.9122)
2,0.01,0.1,0.1,0.001,93.0,94.81052631578947,tensor(18.0990)
2,0.01,0.1,0.1,0.01,93.0,94.81052631578947,tensor(18.0990)
2,0.1,0.001,0.001,0.001,93.0,94.81052631578947,tensor(18.0990)
2,0.1,0.001,0.001,0.01,93.0,94.81052631578947,tensor(18.0990)
2,0.1,0.001,0.01,0.001,93.0,94.81052631578947,tensor(18.0990)
2,0.1,0.001,0.01,0.01,93.0,94.81052631578947,tensor(18.0990)
2,0.1,0.001,0.1,0.001,93.0,94.81052631578947,tensor(18.0990)
2,0.1,0.001,0.1,0.01,93.0,94.81052631578947,tensor(18.0990)
2,0.1,0.01,0.001,0.001,93.0,94.81052631578947,tensor(18.0990)
2,0.1,0.01,0.001,0.01,93.0,94.81052631578947,tensor(18.0990)
2,0.1,0.01,0.01,0.001,93.0,94.81052631578947,tensor(18.0990)
2,0.1,0.01,0.01,0.01,93.0,94.81052631578947,tensor(18.0990)
2,0.1,0.01,0.1,0.001,81.0,79.41052631578947,tensor(18.2719)
2,0.1,0.01,0.1,0.01,81.0,79.41052631578947,tensor(18.2719)
2,0.1,0.1,0.001,0.001,21.0,16.063157894736843,tensor(190.7396)
2,0.1,0.1,0.001,0.01,21.0,16.063157894736843,tensor(190.7396)
2,0.1,0.1,0.01,0.001,12.0,10.126315789473685,tensor(22.6590)
2,0.1,0.1,0.01,0.01,12.0,10.126315789473685,tensor(22.6590)
2,0.1,0.1,0.1,0.001,24.0,19.54736842105263,tensor(18.5029)
2,0.1,0.1,0.1,0.01,24.0,19.54736842105263,tensor(18.5029)
2,1.0,0.001,0.001,0.001,93.0,94.81052631578947,tensor(18.0990)
2,1.0,0.001,0.001,0.01,93.0,94.81052631578947,tensor(18.0990)
2,1.0,0.001,0.01,0.001,93.0,94.81052631578947,tensor(18.0990)
2,1.0,0.001,0.01,0.01,93.0,94.81052631578947,tensor(18.0990)
2,1.0,0.001,0.1,0.001,93.0,94.81052631578947,tensor(18.0990)
2,1.0,0.001,0.1,0.01,93.0,94.81052631578947,tensor(18.0990)
2,1.0,0.01,0.001,0.001,93.0,94.81052631578947,tensor(18.0990)
2,1.0,0.01,0.001,0.01,93.0,94.81052631578947,tensor(18.0990)
2,1.0,0.01,0.01,0.001,93.0,94.81052631578947,tensor(18.0990)
2,1.0,0.01,0.01,0.01,93.0,94.81052631578947,tensor(18.0990)
2,1.0,0.01,0.1,0.001,93.0,94.81052631578947,tensor(18.0990)
2,1.0,0.01,0.1,0.01,93.0,94.81052631578947,tensor(18.0990)
2,1.0,0.1,0.001,0.001,34.0,34.8,tensor(878.2877)
2,1.0,0.1,0.001,0.01,34.0,34.8,tensor(878.2877)
2,1.0,0.1,0.01,0.001,22.0,16.936842105263157,tensor(163.8577)
2,1.0,0.1,0.01,0.01,22.0,16.936842105263157,tensor(163.8577)
2,1.0,0.1,0.1,0.001,23.0,18.11578947368421,tensor(91.0425)
2,1.0,0.1,0.1,0.01,23.0,18.11578947368421,tensor(91.0425)
2,10.0,0.001,0.001,0.001,93.0,94.81052631578947,tensor(18.0990)
2,10.0,0.001,0.001,0.01,93.0,94.81052631578947,tensor(18.0990)
2,10.0,0.001,0.01,0.001,93.0,94.81052631578947,tensor(18.0990)
2,10.0,0.001,0.01,0.01,93.0,94.81052631578947,tensor(18.0990)
2,10.0,0.001,0.1,0.001,93.0,94.81052631578947,tensor(18.0990)
2,10.0,0.001,0.1,0.01,93.0,94.81052631578947,tensor(18.0990)
2,10.0,0.01,0.001,0.001,93.0,94.81052631578947,tensor(18.0990)
2,10.0,0.01,0.001,0.01,93.0,94.81052631578947,tensor(18.0990)
2,10.0,0.01,0.01,0.001,93.0,94.81052631578947,tensor(18.0990)
2,10.0,0.01,0.01,0.01,93.0,94.81052631578947,tensor(18.0990)
2,10.0,0.01,0.1,0.001,93.0,94.81052631578947,tensor(18.0990)
2,10.0,0.01,0.1,0.01,93.0,94.81052631578947,tensor(18.0990)
2,10.0,0.1,0.001,0.001,8.0,6.189473684210526,tensor(2043.9924)
2,10.0,0.1,0.001,0.01,8.0,6.189473684210526,tensor(2043.9924)
2,10.0,0.1,0.01,0.001,9.0,9.073684210526316,tensor(336.2704)
2,10.0,0.1,0.01,0.01,9.0,9.073684210526316,tensor(336.2704)
2,10.0,0.1,0.1,0.001,35.0,27.778947368421054,tensor(346.6161)
2,10.0,0.1,0.1,0.01,35.0,27.778947368421054,tensor(346.6161)
2,100.0,0.001,0.001,0.001,93.0,94.81052631578947,tensor(18.0990)
2,100.0,0.001,0.001,0.01,93.0,94.81052631578947,tensor(18.0990)
2,100.0,0.001,0.01,0.001,93.0,94.81052631578947,tensor(18.0990)
2,100.0,0.001,0.01,0.01,93.0,94.81052631578947,tensor(18.0990)
2,100.0,0.001,0.1,0.001,93.0,94.81052631578947,tensor(18.0990)
2,100.0,0.001,0.1,0.01,93.0,94.81052631578947,tensor(18.0990)
2,100.0,0.01,0.001,0.001,93.0,94.81052631578947,tensor(18.0990)
2,100.0,0.01,0.001,0.01,93.0,94.81052631578947,tensor(18.0990)
2,100.0,0.01,0.01,0.001,93.0,94.81052631578947,tensor(18.0990)
2,100.0,0.01,0.01,0.01,93.0,94.81052631578947,tensor(18.0990)
2,100.0,0.01,0.1,0.001,93.0,94.81052631578947,tensor(18.0990)
2,100.0,0.01,0.1,0.01,93.0,94.81052631578947,tensor(18.0990)
2,100.0,0.1,0.001,0.001,7.0,5.4526315789473685,tensor(25657.7422)
2,100.0,0.1,0.001,0.01,7.0,5.4526315789473685,tensor(25657.7422)
2,100.0,0.1,0.01,0.001,10.0,7.178947368421053,tensor(3797.0303)
2,100.0,0.1,0.01,0.01,10.0,7.178947368421053,tensor(3797.0303)
2,100.0,0.1,0.1,0.001,15.0,11.536842105263158,tensor(105.3514)
2,100.0,0.1,0.1,0.01,15.0,11.536842105263158,tensor(105.3514)
3,0.001,0.001,0.001,0.001,93.0,94.81052631578947,tensor(18.0990)
3,0.001,0.001,0.001,0.01,93.0,94.81052631578947,tensor(18.0990)
3,0.001,0.001,0.01,0.001,93.0,94.81052631578947,tensor(18.0990)
3,0.001,0.001,0.01,0.01,93.0,94.81052631578947,tensor(18.0990)
3,0.001,0.001,0.1,0.001,93.0,94.81052631578947,tensor(18.0990)
3,0.001,0.001,0.1,0.01,93.0,94.81052631578947,tensor(18.0990)
3,0.001,0.01,0.001,0.001,93.0,94.81052631578947,tensor(18.0990)
3,0.001,0.01,0.001,0.01,93.0,94.81052631578947,tensor(18.0990)
3,0.001,0.01,0.01,0.001,93.0,94.81052631578947,tensor(18.0990)
3,0.001,0.01,0.01,0.01,93.0,94.81052631578947,tensor(18.0990)
3,0.001,0.01,0.1,0.001,94.0,92.96842105263158,tensor(18.0254)
3,0.001,0.01,0.1,0.01,94.0,92.96842105263158,tensor(18.0254)
3,0.001,0.1,0.001,0.001,93.0,94.81052631578947,tensor(18.0990)
3,0.001,0.1,0.001,0.01,93.0,94.81052631578947,tensor(18.0990)
3,0.001,0.1,0.01,0.001,93.0,94.81052631578947,tensor(18.0990)
3,0.001,0.1,0.01,0.01,93.0,94.81052631578947,tensor(18.0990)
3,0.001,0.1,0.1,0.001,88.0,88.52631578947368,tensor(17.9390)
3,0.001,0.1,0.1,0.01,88.0,88.52631578947368,tensor(17.9390)
3,0.01,0.001,0.001,0.001,93.0,94.81052631578947,tensor(18.0990)
3,0.01,0.001,0.001,0.01,93.0,94.81052631578947,tensor(18.0990)
3,0.01,0.001,0.01,0.001,93.0,94.81052631578947,tensor(18.0990)
3,0.01,0.001,0.01,0.01,93.0,94.81052631578947,tensor(18.0990)
3,0.01,0.001,0.1,0.001,93.0,94.81052631578947,tensor(18.0990)
3,0.01,0.001,0.1,0.01,93.0,94.81052631578947,tensor(18.0990)
3,0.01,0.01,0.001,0.001,93.0,94.81052631578947,tensor(18.0990)
3,0.01,0.01,0.001,0.01,93.0,94.81052631578947,tensor(18.0990)
3,0.01,0.01,0.01,0.001,93.0,94.81052631578947,tensor(18.0989)
3,0.01,0.01,0.01,0.01,93.0,94.81052631578947,tensor(18.0989)
3,0.01,0.01,0.1,0.001,93.0,94.81052631578947,tensor(18.0990)
3,0.01,0.01,0.1,0.01,93.0,94.81052631578947,tensor(18.0990)
3,0.01,0.1,0.001,0.001,19.0,15.715789473684211,tensor(60.2448)
3,0.01,0.1,0.001,0.01,19.0,15.715789473684211,tensor(60.2448)
3,0.01,0.1,0.01,0.001,27.0,25.705263157894738,tensor(94.8150)
3,0.01,0.1,0.01,0.01,27.0,25.705263157894738,tensor(94.8150)
3,0.01,0.1,0.1,0.001,93.0,94.81052631578947,tensor(18.0990)
3,0.01,0.1,0.1,0.01,93.0,94.81052631578947,tensor(18.0990)
3,0.1,0.001,0.001,0.001,93.0,94.81052631578947,tensor(18.0990)
3,0.1,0.001,0.001,0.01,93.0,94.81052631578947,tensor(18.0990)
3,0.1,0.001,0.01,0.001,93.0,94.81052631578947,tensor(18.0990)
3,0.1,0.001,0.01,0.01,93.0,94.81052631578947,tensor(18.0990)
3,0.1,0.001,0.1,0.001,93.0,94.81052631578947,tensor(18.0990)
3,0.1,0.001,0.1,0.01,93.0,94.81052631578947,tensor(18.0990)
3,0.1,0.01,0.001,0.001,93.0,94.81052631578947,tensor(18.0990)
3,0.1,0.01,0.001,0.01,93.0,94.81052631578947,tensor(18.0990)
3,0.1,0.01,0.01,0.001,93.0,94.81052631578947,tensor(18.0990)
3,0.1,0.01,0.01,0.01,93.0,94.81052631578947,tensor(18.0990)
3,0.1,0.01,0.1,0.001,89.0,90.25263157894737,tensor(18.1675)
3,0.1,0.01,0.1,0.01,89.0,90.25263157894737,tensor(18.1675)
3,0.1,0.1,0.001,0.001,24.0,18.263157894736842,tensor(131.6020)
3,0.1,0.1,0.001,0.01,24.0,18.263157894736842,tensor(131.6020)
3,0.1,0.1,0.01,0.001,12.0,10.347368421052632,tensor(21.9845)
3,0.1,0.1,0.01,0.01,12.0,10.347368421052632,tensor(21.9845)
3,0.1,0.1,0.1,0.001,36.0,31.294736842105262,tensor(18.2969)
3,0.1,0.1,0.1,0.01,36.0,31.294736842105262,tensor(18.2969)
3,1.0,0.001,0.001,0.001,93.0,94.81052631578947,tensor(18.0990)
3,1.0,0.001,0.001,0.01,93.0,94.81052631578947,tensor(18.0990)
3,1.0,0.001,0.01,0.001,93.0,94.81052631578947,tensor(18.0990)
3,1.0,0.001,0.01,0.01,93.0,94.81052631578947,tensor(18.0990)
3,1.0,0.001,0.1,0.001,93.0,94.81052631578947,tensor(18.0990)
3,1.0,0.001,0.1,0.01,93.0,94.81052631578947,tensor(18.0990)
3,1.0,0.01,0.001,0.001,93.0,94.81052631578947,tensor(18.0990)
3,1.0,0.01,0.001,0.01,93.0,94.81052631578947,tensor(18.0990)
3,1.0,0.01,0.01,0.001,93.0,94.81052631578947,tensor(18.0990)
3,1.0,0.01,0.01,0.01,93.0,94.81052631578947,tensor(18.0990)
3,1.0,0.01,0.1,0.001,93.0,94.81052631578947,tensor(18.0990)
3,1.0,0.01,0.1,0.01,93.0,94.81052631578947,tensor(18.0990)
3,1.0,0.1,0.001,0.001,10.0,8.884210526315789,tensor(488.0266)
3,1.0,0.1,0.001,0.01,10.0,8.884210526315789,tensor(488.0266)
3,1.0,0.1,0.01,0.001,22.0,16.389473684210525,tensor(159.1409)
3,1.0,0.1,0.01,0.01,22.0,16.389473684210525,tensor(159.1409)
3,1.0,0.1,0.1,0.001,21.0,17.778947368421054,tensor(88.0482)
3,1.0,0.1,0.1,0.01,21.0,17.778947368421054,tensor(88.0482)
3,10.0,0.001,0.001,0.001,93.0,94.81052631578947,tensor(18.0990)
3,10.0,0.001,0.001,0.01,93.0,94.81052631578947,tensor(18.0990)
3,10.0,0.001,0.01,0.001,93.0,94.81052631578947,tensor(18.0990)
3,10.0,0.001,0.01,0.01,93.0,94.81052631578947,tensor(18.0990)
3,10.0,0.001,0.1,0.001,93.0,94.81052631578947,tensor(18.0990)
3,10.0,0.001,0.1,0.01,93.0,94.81052631578947,tensor(18.0990)
3,10.0,0.01,0.001,0.001,93.0,94.81052631578947,tensor(18.0990)
3,10.0,0.01,0.001,0.01,93.0,94.81052631578947,tensor(18.0990)
3,10.0,0.01,0.01,0.001,93.0,94.81052631578947,tensor(18.0990)
3,10.0,0.01,0.01,0.01,93.0,94.81052631578947,tensor(18.0990)
3,10.0,0.01,0.1,0.001,93.0,94.81052631578947,tensor(18.0990)
3,10.0,0.01,0.1,0.01,93.0,94.81052631578947,tensor(18.0990)
3,10.0,0.1,0.001,0.001,4.0,3.9157894736842107,tensor(2027.7687)
3,10.0,0.1,0.001,0.01,4.0,3.9157894736842107,tensor(2027.7687)
3,10.0,0.1,0.01,0.001,11.0,9.652631578947368,tensor(302.7672)
3,10.0,0.1,0.01,0.01,11.0,9.652631578947368,tensor(302.7672)
3,10.0,0.1,0.1,0.001,11.0,9.578947368421053,tensor(150.6609)
3,10.0,0.1,0.1,0.01,11.0,9.578947368421053,tensor(150.6609)
3,100.0,0.001,0.001,0.001,93.0,94.81052631578947,tensor(18.0990)
3,100.0,0.001,0.001,0.01,93.0,94.81052631578947,tensor(18.0990)
3,100.0,0.001,0.01,0.001,93.0,94.81052631578947,tensor(18.0990)
3,100.0,0.001,0.01,0.01,93.0,94.81052631578947,tensor(18.0990)
3,100.0,0.001,0.1,0.001,93.0,94.81052631578947,tensor(18.0990)
3,100.0,0.001,0.1,0.01,93.0,94.81052631578947,tensor(18.0990)
3,100.0,0.01,0.001,0.001,93.0,94.81052631578947,tensor(18.0990)
3,100.0,0.01,0.001,0.01,93.0,94.81052631578947,tensor(18.0990)
3,100.0,0.01,0.01,0.001,93.0,94.81052631578947,tensor(18.0990)
3,100.0,0.01,0.01,0.01,93.0,94.81052631578947,tensor(18.0990)
3,100.0,0.01,0.1,0.001,93.0,94.81052631578947,tensor(18.0990)
3,100.0,0.01,0.1,0.01,93.0,94.81052631578947,tensor(18.0990)
3,100.0,0.1,0.001,0.001,8.0,10.326315789473684,tensor(56807.4492)
3,100.0,0.1,0.001,0.01,8.0,10.326315789473684,tensor(56807.4492)
3,100.0,0.1,0.01,0.001,10.0,8.663157894736843,tensor(3780.1406)
3,100.0,0.1,0.01,0.01,10.0,8.663157894736843,tensor(3780.1406)
3,100.0,0.1,0.1,0.001,12.0,10.052631578947368,tensor(75.4757)
3,100.0,0.1,0.1,0.01,12.0,10.052631578947368,tensor(75.4757)
4,0.001,0.001,0.001,0.001,93.0,94.81052631578947,tensor(18.0990)
4,0.001,0.001,0.001,0.01,93.0,94.81052631578947,tensor(18.0990)
4,0.001,0.001,0.01,0.001,93.0,94.81052631578947,tensor(18.0990)
4,0.001,0.001,0.01,0.01,93.0,94.81052631578947,tensor(18.0990)
4,0.001,0.001,0.1,0.001,93.0,94.81052631578947,tensor(18.0990)
4,0.001,0.001,0.1,0.01,93.0,94.81052631578947,tensor(18.0990)
4,0.001,0.01,0.001,0.001,93.0,94.81052631578947,tensor(18.0990)
4,0.001,0.01,0.001,0.01,93.0,94.81052631578947,tensor(18.0990)
4,0.001,0.01,0.01,0.001,93.0,94.81052631578947,tensor(18.0990)
4,0.001,0.01,0.01,0.01,93.0,94.81052631578947,tensor(18.0990)
4,0.001,0.01,0.1,0.001,92.0,90.9578947368421,tensor(18.0057)
4,0.001,0.01,0.1,0.01,92.0,90.9578947368421,tensor(18.0057)
4,0.001,0.1,0.001,0.001,93.0,94.81052631578947,tensor(18.0990)
4,0.001,0.1,0.001,0.01,93.0,94.81052631578947,tensor(18.0990)
4,0.001,0.1,0.01,0.001,93.0,94.81052631578947,tensor(18.0990)
4,0.001,0.1,0.01,0.01,93.0,94.81052631578947,tensor(18.0990)
4,0.001,0.1,0.1,0.001,80.0,84.82105263157895,tensor(17.9197)
4,0.001,0.1,0.1,0.01,80.0,84.82105263157895,tensor(17.9197)
4,0.01,0.001,0.001,0.001,93.0,94.81052631578947,tensor(18.0990)
4,0.01,0.001,0.001,0.01,93.0,94.81052631578947,tensor(18.0990)
4,0.01,0.001,0.01,0.001,93.0,94.81052631578947,tensor(18.0990)
4,0.01,0.001,0.01,0.01,93.0,94.81052631578947,tensor(18.0990)
4,0.01,0.001,0.1,0.001,93.0,94.81052631578947,tensor(18.0990)
4,0.01,0.001,0.1,0.01,93.0,94.81052631578947,tensor(18.0990)
4,0.01,0.01,0.001,0.001,93.0,94.81052631578947,tensor(18.0990)
4,0.01,0.01,0.001,0.01,93.0,94.81052631578947,tensor(18.0990)
4,0.01,0.01,0.01,0.001,93.0,94.81052631578947,tensor(18.0990)
4,0.01,0.01,0.01,0.01,93.0,94.81052631578947,tensor(18.0990)
4,0.01,0.01,0.1,0.001,93.0,94.81052631578947,tensor(18.0990)
4,0.01,0.01,0.1,0.01,93.0,94.81052631578947,tensor(18.0990)
4,0.01,0.1,0.001,0.001,22.0,17.705263157894738,tensor(59.3876)
4,0.01,0.1,0.001,0.01,22.0,17.705263157894738,tensor(59.3876)
4,0.01,0.1,0.01,0.001,17.0,11.705263157894738,tensor(63.2062)
4,0.01,0.1,0.01,0.01,17.0,11.705263157894738,tensor(63.2062)
4,0.01,0.1,0.1,0.001,93.0,94.81052631578947,tensor(18.0990)
4,0.01,0.1,0.1,0.01,93.0,94.81052631578947,tensor(18.0990)
4,0.1,0.001,0.001,0.001,93.0,94.81052631578947,tensor(18.0990)
4,0.1,0.001,0.001,0.01,93.0,94.81052631578947,tensor(18.0990)
4,0.1,0.001,0.01,0.001,93.0,94.81052631578947,tensor(18.0990)
4,0.1,0.001,0.01,0.01,93.0,94.81052631578947,tensor(18.0990)
4,0.1,0.001,0.1,0.001,93.0,94.81052631578947,tensor(18.0990)
4,0.1,0.001,0.1,0.01,93.0,94.81052631578947,tensor(18.0990)
4,0.1,0.01,0.001,0.001,93.0,94.81052631578947,tensor(18.0990)
4,0.1,0.01,0.001,0.01,93.0,94.81052631578947,tensor(18.0990)
4,0.1,0.01,0.01,0.001,93.0,94.81052631578947,tensor(18.0990)
4,0.1,0.01,0.01,0.01,93.0,94.81052631578947,tensor(18.0990)
4,0.1,0.01,0.1,0.001,90.0,91.28421052631579,tensor(18.1433)
4,0.1,0.01,0.1,0.01,90.0,91.28421052631579,tensor(18.1433)
4,0.1,0.1,0.001,0.001,26.0,20.05263157894737,tensor(126.4851)
4,0.1,0.1,0.001,0.01,26.0,20.05263157894737,tensor(126.4851)
4,0.1,0.1,0.01,0.001,12.0,10.578947368421053,tensor(20.6132)
4,0.1,0.1,0.01,0.01,12.0,10.578947368421053,tensor(20.6132)
4,0.1,0.1,0.1,0.001,50.0,44.28421052631579,tensor(18.2236)
4,0.1,0.1,0.1,0.01,50.0,44.28421052631579,tensor(18.2236)
4,1.0,0.001,0.001,0.001,93.0,94.81052631578947,tensor(18.0990)
4,1.0,0.001,0.001,0.01,93.0,94.81052631578947,tensor(18.0990)
4,1.0,0.001,0.01,0.001,93.0,94.81052631578947,tensor(18.0990)
4,1.0,0.001,0.01,0.01,93.0,94.81052631578947,tensor(18.0990)
4,1.0,0.001,0.1,0.001,93.0,94.81052631578947,tensor(18.0990)
4,1.0,0.001,0.1,0.01,93.0,94.81052631578947,tensor(18.0990)
4,1.0,0.01,0.001,0.001,93.0,94.81052631578947,tensor(18.0990)
4,1.0,0.01,0.001,0.01,93.0,94.81052631578947,tensor(18.0990)
4,1.0,0.01,0.01,0.001,93.0,94.81052631578947,tensor(18.0990)
4,1.0,0.01,0.01,0.01,93.0,94.81052631578947,tensor(18.0990)
4,1.0,0.01,0.1,0.001,93.0,94.81052631578947,tensor(18.0990)
4,1.0,0.01,0.1,0.01,93.0,94.81052631578947,tensor(18.0990)
4,1.0,0.1,0.001,0.001,9.0,9.957894736842105,tensor(443.6868)
4,1.0,0.1,0.001,0.01,9.0,9.957894736842105,tensor(443.6868)
4,1.0,0.1,0.01,0.001,22.0,18.094736842105263,tensor(156.2776)
4,1.0,0.1,0.01,0.01,22.0,18.094736842105263,tensor(156.2776)
4,1.0,0.1,0.1,0.001,22.0,18.53684210526316,tensor(87.8820)
4,1.0,0.1,0.1,0.01,22.0,18.53684210526316,tensor(87.8820)
4,10.0,0.001,0.001,0.001,93.0,94.81052631578947,tensor(18.0990)
4,10.0,0.001,0.001,0.01,93.0,94.81052631578947,tensor(18.0990)
4,10.0,0.001,0.01,0.001,93.0,94.81052631578947,tensor(18.0990)
4,10.0,0.001,0.01,0.01,93.0,94.81052631578947,tensor(18.0990)
4,10.0,0.001,0.1,0.001,93.0,94.81052631578947,tensor(18.0990)
4,10.0,0.001,0.1,0.01,93.0,94.81052631578947,tensor(18.0990)
4,10.0,0.01,0.001,0.001,93.0,94.81052631578947,tensor(18.0990)
4,10.0,0.01,0.001,0.01,93.0,94.81052631578947,tensor(18.0990)
4,10.0,0.01,0.01,0.001,93.0,94.81052631578947,tensor(18.0990)
4,10.0,0.01,0.01,0.01,93.0,94.81052631578947,tensor(18.0990)
4,10.0,0.01,0.1,0.001,93.0,94.81052631578947,tensor(18.0990)
4,10.0,0.01,0.1,0.01,93.0,94.81052631578947,tensor(18.0990)
4,10.0,0.1,0.001,0.001,5.0,2.905263157894737,tensor(1991.2345)
4,10.0,0.1,0.001,0.01,5.0,2.905263157894737,tensor(1991.2345)
4,10.0,0.1,0.01,0.001,11.0,9.894736842105264,tensor(264.0041)
4,10.0,0.1,0.01,0.01,11.0,9.894736842105264,tensor(264.0041)
4,10.0,0.1,0.1,0.001,6.0,6.315789473684211,tensor(133.5048)
4,10.0,0.1,0.1,0.01,6.0,6.315789473684211,tensor(133.5048)
4,100.0,0.001,0.001,0.001,93.0,94.81052631578947,tensor(18.0990)
4,100.0,0.001,0.001,0.01,93.0,94.81052631578947,tensor(18.0990)
4,100.0,0.001,0.01,0.001,93.0,94.81052631578947,tensor(18.0990)
4,100.0,0.001,0.01,0.01,93.0,94.81052631578947,tensor(18.0990)
4,100.0,0.001,0.1,0.001,93.0,94.81052631578947,tensor(18.0990)
4,100.0,0.001,0.1,0.01,93.0,94.81052631578947,tensor(18.0990)
4,100.0,0.01,0.001,0.001,93.0,94.81052631578947,tensor(18.0990)
4,100.0,0.01,0.001,0.01,93.0,94.81052631578947,tensor(18.0990)
4,100.0,0.01,0.01,0.001,93.0,94.81052631578947,tensor(18.0990)
4,100.0,0.01,0.01,0.01,93.0,94.81052631578947,tensor(18.0990)
4,100.0,0.01,0.1,0.001,93.0,94.81052631578947,tensor(18.0990)
4,100.0,0.01,0.1,0.01,93.0,94.81052631578947,tensor(18.0990)
4,100.0,0.1,0.001,0.001,11.0,11.4,tensor(26517.5879)
4,100.0,0.1,0.001,0.01,11.0,11.4,tensor(26517.5879)
4,100.0,0.1,0.01,0.001,5.0,6.947368421052632,tensor(3776.9382)
4,100.0,0.1,0.01,0.01,5.0,6.947368421052632,tensor(3776.9382)
4,100.0,0.1,0.1,0.001,12.0,10.31578947368421,tensor(59.3698)
4,100.0,0.1,0.1,0.01,12.0,10.31578947368421,tensor(59.3698)
5,0.001,0.001,0.001,0.001,93.0,94.81052631578947,tensor(18.0990)
5,0.001,0.001,0.001,0.01,93.0,94.81052631578947,tensor(18.0990)
5,0.001,0.001,0.01,0.001,93.0,94.81052631578947,tensor(18.0990)
5,0.001,0.001,0.01,0.01,93.0,94.81052631578947,tensor(18.0990)
5,0.001,0.001,0.1,0.001,93.0,94.81052631578947,tensor(18.0990)
5,0.001,0.001,0.1,0.01,93.0,94.81052631578947,tensor(18.0990)
5,0.001,0.01,0.001,0.001,93.0,94.81052631578947,tensor(18.0990)
5,0.001,0.01,0.001,0.01,93.0,94.81052631578947,tensor(18.0990)
5,0.001,0.01,0.01,0.001,93.0,94.81052631578947,tensor(18.0990)
5,0.001,0.01,0.01,0.01,93.0,94.81052631578947,tensor(18.0990)
5,0.001,0.01,0.1,0.001,91.0,88.76842105263158,tensor(17.9913)
5,0.001,0.01,0.1,0.01,91.0,88.76842105263158,tensor(17.9913)
5,0.001,0.1,0.001,0.001,93.0,94.81052631578947,tensor(18.0990)
5,0.001,0.1,0.001,0.01,93.0,94.81052631578947,tensor(18.0990)
5,0.001,0.1,0.01,0.001,93.0,94.81052631578947,tensor(18.0990)
5,0.001,0.1,0.01,0.01,93.0,94.81052631578947,tensor(18.0990)
5,0.001,0.1,0.1,0.001,85.0,87.28421052631579,tensor(17.9211)
5,0.001,0.1,0.1,0.01,85.0,87.28421052631579,tensor(17.9211)
5,0.01,0.001,0.001,0.001,93.0,94.81052631578947,tensor(18.0990)
5,0.01,0.001,0.001,0.01,93.0,94.81052631578947,tensor(18.0990)
5,0.01,0.001,0.01,0.001,93.0,94.81052631578947,tensor(18.0990)
5,0.01,0.001,0.01,0.01,93.0,94.81052631578947,tensor(18.0990)
5,0.01,0.001,0.1,0.001,93.0,94.81052631578947,tensor(18.0990)
5,0.01,0.001,0.1,0.01,93.0,94.81052631578947,tensor(18.0990)
5,0.01,0.01,0.001,0.001,93.0,94.81052631578947,tensor(18.0990)
5,0.01,0.01,0.001,0.01,93.0,94.81052631578947,tensor(18.0990)
5,0.01,0.01,0.01,0.001,93.0,94.81052631578947,tensor(18.0990)
5,0.01,0.01,0.01,0.01,93.0,94.81052631578947,tensor(18.0990)
5,0.01,0.01,0.1,0.001,93.0,94.81052631578947,tensor(18.0990)
5,0.01,0.01,0.1,0.01,93.0,94.81052631578947,tensor(18.0990)
5,0.01,0.1,0.001,0.001,19.0,17.28421052631579,tensor(58.6105)
5,0.01,0.1,0.001,0.01,19.0,17.28421052631579,tensor(58.6105)
5,0.01,0.1,0.01,0.001,7.0,5.673684210526316,tensor(62.4721)
5,0.01,0.1,0.01,0.01,7.0,5.673684210526316,tensor(62.4721)
5,0.01,0.1,0.1,0.001,93.0,94.81052631578947,tensor(18.0990)
5,0.01,0.1,0.1,0.01,93.0,94.81052631578947,tensor(18.0990)
5,0.1,0.001,0.001,0.001,93.0,94.81052631578947,tensor(18.0990)
5,0.1,0.001,0.001,0.01,93.0,94.81052631578947,tensor(18.0990)
5,0.1,0.001,0.01,0.001,93.0,94.81052631578947,tensor(18.0990)
5,0.1,0.001,0.01,0.01,93.0,94.81052631578947,tensor(18.0990)
5,0.1,0.001,0.1,0.001,93.0,94.81052631578947,tensor(18.0990)
5,0.1,0.001,0.1,0.01,93.0,94.81052631578947,tensor(18.0990)
5,0.1,0.01,0.001,0.001,93.0,94.81052631578947,tensor(18.0990)
5,0.1,0.01,0.001,0.01,93.0,94.81052631578947,tensor(18.0990)
5,0.1,0.01,0.01,0.001,93.0,94.81052631578947,tensor(18.0990)
5,0.1,0.01,0.01,0.01,93.0,94.81052631578947,tensor(18.0990)
5,0.1,0.01,0.1,0.001,90.0,91.21052631578948,tensor(18.1311)
5,0.1,0.01,0.1,0.01,90.0,91.21052631578948,tensor(18.1311)
5,0.1,0.1,0.001,0.001,27.0,18.936842105263157,tensor(123.6740)
5,0.1,0.1,0.001,0.01,27.0,18.936842105263157,tensor(123.6740)
5,0.1,0.1,0.01,0.001,12.0,12.021052631578947,tensor(19.6035)
5,0.1,0.1,0.01,0.01,12.0,12.021052631578947,tensor(19.6035)
5,0.1,0.1,0.1,0.001,67.0,56.22105263157895,tensor(18.1735)
5,0.1,0.1,0.1,0.01,67.0,56.22105263157895,tensor(18.1735)
5,1.0,0.001,0.001,0.001,93.0,94.81052631578947,tensor(18.0990)
5,1.0,0.001,0.001,0.01,93.0,94.81052631578947,tensor(18.0990)
5,1.0,0.001,0.01,0.001,93.0,94.81052631578947,tensor(18.0990)
5,1.0,0.001,0.01,0.01,93.0,94.81052631578947,tensor(18.0990)
5,1.0,0.001,0.1,0.001,93.0,94.81052631578947,tensor(18.0990)
5,1.0,0.001,0.1,0.01,93.0,94.81052631578947,tensor(18.0990)
5,1.0,0.01,0.001,0.001,93.0,94.81052631578947,tensor(18.0990)
5,1.0,0.01,0.001,0.01,93.0,94.81052631578947,tensor(18.0990)
5,1.0,0.01,0.01,0.001,93.0,94.81052631578947,tensor(18.0990)
5,1.0,0.01,0.01,0.01,93.0,94.81052631578947,tensor(18.0990)
5,1.0,0.01,0.1,0.001,93.0,94.81052631578947,tensor(18.0990)
5,1.0,0.01,0.1,0.01,93.0,94.81052631578947,tensor(18.0990)
5,1.0,0.1,0.001,0.001,12.0,8.105263157894736,tensor(424.6378)
5,1.0,0.1,0.001,0.01,12.0,8.105263157894736,tensor(424.6378)
5,1.0,0.1,0.01,0.001,20.0,16.86315789473684,tensor(153.6376)
5,1.0,0.1,0.01,0.01,20.0,16.86315789473684,tensor(153.6376)
5,1.0,0.1,0.1,0.001,16.0,13.6,tensor(87.5990)
5,1.0,0.1,0.1,0.01,16.0,13.6,tensor(87.5990)
5,10.0,0.001,0.001,0.001,93.0,94.81052631578947,tensor(18.0990)
5,10.0,0.001,0.001,0.01,93.0,94.81052631578947,tensor(18.0990)
5,10.0,0.001,0.01,0.001,93.0,94.81052631578947,tensor(18.0990)
5,10.0,0.001,0.01,0.01,93.0,94.81052631578947,tensor(18.0990)
5,10.0,0.001,0.1,0.001,93.0,94.81052631578947,tensor(18.0989)
5,10.0,0.001,0.1,0.01,93.0,94.81052631578947,tensor(18.0989)
5,10.0,0.01,0.001,0.001,93.0,94.81052631578947,tensor(18.0990)
5,10.0,0.01,0.001,0.01,93.0,94.81052631578947,tensor(18.0990)
5,10.0,0.01,0.01,0.001,93.0,94.81052631578947,tensor(18.0990)
5,10.0,0.01,0.01,0.01,93.0,94.81052631578947,tensor(18.0990)
5,10.0,0.01,0.1,0.001,93.0,94.81052631578947,tensor(18.0990)
5,10.0,0.01,0.1,0.01,93.0,94.81052631578947,tensor(18.0990)
5,10.0,0.1,0.001,0.001,9.0,8.663157894736843,tensor(1968.2169)
5,10.0,0.1,0.001,0.01,9.0,8.663157894736843,tensor(1968.2169)
5,10.0,0.1,0.01,0.001,9.0,10.873684210526315,tensor(240.8597)
5,10.0,0.1,0.01,0.01,9.0,10.873684210526315,tensor(240.8597)
5,10.0,0.1,0.1,0.001,4.0,3.1894736842105265,tensor(126.1910)
5,10.0,0.1,0.1,0.01,4.0,3.1894736842105265,tensor(126.1910)
5,100.0,0.001,0.001,0.001,93.0,94.81052631578947,tensor(18.0990)
5,100.0,0.001,0.001,0.01,93.0,94.81052631578947,tensor(18.0990)
5,100.0,0.001,0.01,0.001,93.0,94.81052631578947,tensor(18.0990)
5,100.0,0.001,0.01,0.01,93.0,94.81052631578947,tensor(18.0990)
5,100.0,0.001,0.1,0.001,93.0,94.81052631578947,tensor(18.0990)
5,100.0,0.001,0.1,0.01,93.0,94.81052631578947,tensor(18.0990)
5,100.0,0.01,0.001,0.001,93.0,94.81052631578947,tensor(18.0990)
5,100.0,0.01,0.001,0.01,93.0,94.81052631578947,tensor(18.0990)
5,100.0,0.01,0.01,0.001,93.0,94.81052631578947,tensor(18.0990)
5,100.0,0.01,0.01,0.01,93.0,94.81052631578947,tensor(18.0990)
5,100.0,0.01,0.1,0.001,93.0,94.81052631578947,tensor(18.0990)
5,100.0,0.01,0.1,0.01,93.0,94.81052631578947,tensor(18.0990)
5,100.0,0.1,0.001,0.001,1.0,4.6947368421052635,tensor(30055.8965)
5,100.0,0.1,0.001,0.01,1.0,4.6947368421052635,tensor(30055.8965)
5,100.0,0.1,0.01,0.001,6.0,7.08421052631579,tensor(3777.7668)
5,100.0,0.1,0.01,0.01,6.0,7.08421052631579,tensor(3777.7668)
5,100.0,0.1,0.1,0.001,12.0,10.052631578947368,tensor(47.3419)
5,100.0,0.1,0.1,0.01,12.0,10.052631578947368,tensor(47.3419)
